GameTypeID	GameEngine	SteamLogin	AppIDInstall	AppIDCheck	SteamCMDMod	ExtraSteamCMDOptions	ModSubFolder	AltStartScript	Description	WarnStopText	WarnStopAudio	WarnUpdateText	WarnUpdateAudio	Comment
cs1	goldsrc	anonymous	90	10	cstrike		cstrike		Counter-Strike 1.6 (CS1)	amx_say ALERT: Server shutting-down or restarting NOW!	amx_sound_play sound/weaselslair/alerts/alert-shutdown-initiated.mp4	amx_say ALERT: Server restaring shortly for an update!	amx_sound_play sound/weaselslair/alerts/alert-update-cs1.mp3	Tested!
dmc	goldsrc	anonymous	90	40	dmc		dmc		Deathmatch Classic (DMC)	amx_say ALERT: Server shutting-down or restarting NOW!	amx_sound_play sound/weaselslair/alerts/alert-shutdown-initiated.mp3	amx_say ALERT: Server restaring shortly for an update!	amx_sound_play sound/weaselslair/alerts/alert-update-dmc.mp3	Tested!
dod	goldsrc	anonymous	90	20	dod		dod		Day of Defeat (DoD)	amx_say ALERT: Server shutting-down or restarting NOW!	amx_sound_play sound/weaselslair/alerts/alert-shutdown-initiated.mp5	amx_say ALERT: Server restaring shortly for an update!	amx_sound_play sound/weaselslair/alerts/alert-update-game.mp3	Tested!
hl1	goldsrc	anonymous	90	70	valve		valve		Half-Life (HL1)	amx_say ALERT: Server shutting-down or restarting NOW!	amx_sound_play sound/weaselslair/alerts/alert-shutdown-initiated.mp3	amx_say ALERT: Server restaring shortly for an update!	amx_sound_play sound/weaselslair/alerts/alert-update-hl1.mp3	Tested!
tfc	goldsrc	anonymous	90	20	tfc		tfc		Team Fortress Classic (TFC)	amx_say ALERT: Server shutting-down or restarting NOW!	amx_sound_play sound/weaselslair/alerts/alert-shutdown-initiated.mp3	amx_say ALERT: Server restaring shortly for an update!	amx_sound_play sound/weaselslair/alerts/alert-update-tfc.mp3	Tested!
bshift	goldsrc	anonymous	90	40	bshift		bshift		Half-Life: Blue Shift (Bshift)	amx_say ALERT: Server shutting-down or restarting NOW!	amx_sound_play sound/weaselslair/alerts/alert-shutdown-initiated.mp3	amx_say ALERT: Server restaring shortly for an update!	amx_sound_play sound/weaselslair/alerts/alert-update-dmc.mp3	Untested.
op4	goldsrc	anonymous	90	50	gearbox		gearbox		Half-Life: Opposing Force (Op4)	amx_say ALERT: Server shutting-down or restarting NOW!	amx_sound_play sound/weaselslair/alerts/alert-shutdown-initiated.mp3	amx_say ALERT: Server restaring shortly for an update!	amx_sound_play sound/weaselslair/alerts/alert-update-game.mp3	Untested.
hlds	goldsrc	anonymous	90	90					Half-Life Dedicated Server (HLDS)	amx_say ALERT: Server shutting-down or restarting NOW!	amx_sound_play sound/weaselslair/alerts/alert-shutdown-initiated.mp3	amx_say ALERT: Server restaring shortly for an update!	amx_sound_play sound/weaselslair/alerts/alert-update-game.mp3	Untested. Template for installing various "mods" on top of.
css	source	anonymous	232330	240			cstrike		Counter-Strike:Source (CSS)	sm_say ALERT: Server shutting-down or restarting NOW!	sm_play @humans sound/weaselslair/alerts/alert-shutdown-initiated.mp4	sm_say ALERT: Server restaring shortly for an update!	sm_play @humans sound/weaselslair/alerts/alert-update-css.mp3	Tested!
dods	source	anonymous	232290	300			dod		Day of Defeat:Source (DoDS)	sm_say ALERT: Server shutting-down or restarting NOW!	sm_play @humans sound/weaselslair/alerts/alert-shutdown-initiated.mp5	sm_say ALERT: Server restaring shortly for an update!	sm_play @humans sound/weaselslair/alerts/alert-update-game.mp3	Tested!
tf2	source	anonymous	232250	440			tf	./srcds_run_64	Team Fortress 2 (TF2)	sm_say ALERT: Server shutting-down or restarting NOW!	sm_play @humans sound/weaselslair/alerts/alert-shutdown-initiated.mp5	sm_say ALERT: Server restaring shortly for an update!	sm_play @humans sound/weaselslair/alerts/alert-update-tf2.mp3	Tested!
tf2c	source	anonymous	3557020	3545060			tf2classified	./srcds.sh	Team Fortress 2 Classified (TF2C)	say ALERT: Server shutting-down or restarting NOW!		say ALERT: Server restaring shortly for an update!		Tested! Be sure to set -tf_path ./sometf2serverinstallpath
hl2dm	source	anonymous	232370	320			hl2mp		Half-Life 2 Deathmatch (HL2DM)	say ALERT: Server shutting-down or restarting NOW!		say ALERT: Server restaring shortly for an update!		Untested.
hldms	source	anonymous	255470	360			hl1mp		Half-Life Deathmatch:Source (HLDMS)	say ALERT: Server shutting-down or restarting NOW!		say ALERT: Server restaring shortly for an update!		Untested.
l4d	source	anonymous	222840	500			left4dead		Left for Dead (L4D)	say ALERT: Server shutting-down or restarting NOW!		say ALERT: Server restaring shortly for an update!		Untested.
l4d2	source	anonymous	222860	550			left4dead2		Left for Dead 2 (L4D2)	say ALERT: Server shutting-down or restarting NOW!		say ALERT: Server restaring shortly for an update!		Untested.
sdk2007	source	anonymous	310	218					SDK Base 2007	say ALERT: Server shutting-down or restarting NOW!		say ALERT: Server restaring shortly for an update!		Untested. Template for installing various "mods" on top of.
sdk2013	source	anonymous	244310	243750					SDK Base 2013	say ALERT: Server shutting-down or restarting NOW!		say ALERT: Server restaring shortly for an update!		Untested. Template for installing various "mods" on top of.
csgo	source	anonymous	740	740			csgo		Counter-Strike:GO (CSGO)	say ALERT: Server shutting-down or restarting NOW!		say ALERT: Server restaring shortly for an update!		Untested
cs2	src2cs2	anonymous	730	730			game/csgo		Counter-Strike 2 (CS2)	say ALERT: Server shutting-down or restarting NOW!		say ALERT: Server restaring shortly for an update!		Tested, but no SourceMod available.
sven	goldsrc	anonymous	276060	225840			svencoop		Sven Co-op (Sven)	amx_say ALERT: Server shutting-down or restarting NOW!	amx_sound_play sound/weaselslair/alerts/alert-shutdown-initiated.mp3	amx_say ALERT: Server restaring shortly for an update!	amx_sound_play sound/weaselslair/alerts/alert-update-generic.mp3	Untested.
fof	source	anonymous	295230	265630			fof		Fistful of Frags (FoF)	sm_say ALERT: Server shutting-down or restarting NOW!	sm_play @humans sound/weaselslair/alerts/alert-shutdown-initiated.mp6	sm_say ALERT: Server restaring shortly for an update!	sm_play @humans sound/weaselslair/alerts/alert-update-fof.mp3	Tested!
fof39	source	anonymous	310	218			fistful_of_frags		Fistful of Frags (FoF), Ver-3.9	say ALERT: Server shutting-down or restarting NOW!		say ALERT: Server restaring shortly for an update!		In progress
aoc	source	anonymous	17515	17510			ageofchivalry		Age of Chivalry (AoC)	say ALERT: Server shutting-down or restarting NOW!		say ALERT: Server restaring shortly for an update!		Untested.
bb2	source	anonymous	475370	346330			brainbread2		Brain Bread 2 (BB2)	say ALERT: Server shutting-down or restarting NOW!		say ALERT: Server restaring shortly for an update!		Untested.
bms	source	anonymous	346680	362890			bms		Black Mesa (BMS)	say ALERT: Server shutting-down or restarting NOW!		say ALERT: Server restaring shortly for an update!		Untested.
bs	source	anonymous	228780	225600			berimbau		Blade Symphony (BS)	say ALERT: Server shutting-down or restarting NOW!		say ALERT: Server restaring shortly for an update!		Untested.
cure	source	anonymous	383410	355180			cure		Codename CURE (Cure)	say ALERT: Server shutting-down or restarting NOW!		say ALERT: Server restaring shortly for an update!		Untested.
dab	source	anonymous	317800	317360			dab		Double Action:Boogaloo (DAB)	say ALERT: Server shutting-down or restarting NOW!		say ALERT: Server restaring shortly for an update!		Untested.
doi	source	anonymous	462310	447820			doi		Day of Infamy (DoI)	say ALERT: Server shutting-down or restarting NOW!		say ALERT: Server restaring shortly for an update!		Untested.
dys	source	anonymous	383410	355180			dystopia		Dystopia (Dys)	say ALERT: Server shutting-down or restarting NOW!		say ALERT: Server restaring shortly for an update!		Untested.
gmod	source	anonymous	4020	4000			garrysmod		Gary's Mod (GMod)	say ALERT: Server shutting-down or restarting NOW!		say ALERT: Server restaring shortly for an update!		Untested.
ins	source	anonymous	237410	222880			insurgency		Insurgency (INS)	say ALERT: Server shutting-down or restarting NOW!		say ALERT: Server restaring shortly for an update!		Untested.
insmic	source	anonymous	17705	17700			insurgency		INSURGENCY: Modern Infantry Combat (InsMIC)	say ALERT: Server shutting-down or restarting NOW!		say ALERT: Server restaring shortly for an update!		Untested.
jbep3	source	anonymous	2181210	2158860			jbep3		Jabroni Brawl:Episode 3 (JBEp3)	say ALERT: Server shutting-down or restarting NOW!		say ALERT: Server restaring shortly for an update!		Untested.
jbmod	source	anonymous	2181210	2158860			jbmod		JBMod (JB)	say ALERT: Server shutting-down or restarting NOW!		say ALERT: Server restaring shortly for an update!		Untested.
mcv	source	anonymous	1136190	1012110			vietnam		Military Conflict:Vietnam (MCV)	say ALERT: Server shutting-down or restarting NOW!		say ALERT: Server restaring shortly for an update!		Untested.
nd	source	anonymous	111710	17710			nucleardawn		Nuclear Dawn (ND)	say ALERT: Server shutting-down or restarting NOW!		say ALERT: Server restaring shortly for an update!		Untested.
ns2	source	anonymous	4940	4920			ns2		Natural Selection 2 (NS2)	say ALERT: Server shutting-down or restarting NOW!		say ALERT: Server restaring shortly for an update!		Untested.
pvk2	source	anonymous	17575	17570			pvkii		Pirates, Vikings, & Knights II (PVK2)	say ALERT: Server shutting-down or restarting NOW!		say ALERT: Server restaring shortly for an update!		Untested.
ship	source	anonymous	2403	2400			ship		The Ship (Ship)	say ALERT: Server shutting-down or restarting NOW!		say ALERT: Server restaring shortly for an update!		Untested.
zps	source	anonymous	17505	17500			zps		Zombie Panic:Source (ZPS)	say ALERT: Server shutting-down or restarting NOW!		say ALERT: Server restaring shortly for an update!		Untested.
ahl2	source	username password	985050	977050			ahl2		Action Half-Life:Source (AH2S)	say ALERT: Server shutting-down or restarting NOW!		say ALERT: Server restaring shortly for an update!		Untested, also requires Steam login.
inf	source	username password	661350	656800			infestus		Infestus (Inf)	say ALERT: Server shutting-down or restarting NOW!		say ALERT: Server restaring shortly for an update!		Untested, also requires Steam login.
ios	source	username password	673990	673560			iosoccer		IOSoccer (IOS)	say ALERT: Server shutting-down or restarting NOW!		say ALERT: Server restaring shortly for an update!		Untested, also requires Steam login.
co	source	username password	600380	601660			csgo		Classic Offense (CO)	say ALERT: Server shutting-down or restarting NOW!		say ALERT: Server restaring shortly for an update!		Unavailable. Not relesed yet.
oc	source	username password	248890	17750			{unknown}		Obsidian Conflict (OC)	say ALERT: Server shutting-down or restarting NOW!		say ALERT: Server restaring shortly for an update!		Unavailable. Not relesed yet.
bgt	source	anonymous	2460	2450			{unknown}		Bloody Good Time (BGT)	say ALERT: Server shutting-down or restarting NOW!		say ALERT: Server restaring shortly for an update!		Unusable. Does not have Linux-native server.
cont	source	anonymous	293030	238430			contagion		Contagion (Cont)	say ALERT: Server shutting-down or restarting NOW!		say ALERT: Server restaring shortly for an update!		Unusable. Does not have Linux-native server.
es	source	anonymous	91720	91700			esmod		Eternal Silence (ES)	say ALERT: Server shutting-down or restarting NOW!		say ALERT: Server restaring shortly for an update!		Unusable. Does not have Linux-native server.
eye	source	anonymous	91720	91700			EYE		E.Y.E: Divine Cybermancy (EYE)	say ALERT: Server shutting-down or restarting NOW!		say ALERT: Server restaring shortly for an update!		Unusable. Does not have Linux-native server.
ff	source	anonymous	329710	253530			FortressForever		Fortress Forever (FF)	say ALERT: Server shutting-down or restarting NOW!		say ALERT: Server restaring shortly for an update!		Unusable. Does not have Linux-native server.
kc	source	anonymous	638100	626681			kz		Kreedz Climbing (KC)	say ALERT: Server shutting-down or restarting NOW!		say ALERT: Server restaring shortly for an update!		Unusable. Does not have Linux-native server.
kvt	source	anonymous	1875500	1786950			treason		Klaus Veen's Treason (KVT)	say ALERT: Server shutting-down or restarting NOW!		say ALERT: Server restaring shortly for an update!		Unusable. Does not have Linux-native server.
lw	source	anonymous	319060	270370			lambdawars		Lambda Wars (LW)	say ALERT: Server shutting-down or restarting NOW!		say ALERT: Server restaring shortly for an update!		Unusable. Does not have Linux-native server.
mc	source	anonymous	366360	349480			modularcombat		Modular Combat (MC)	say ALERT: Server shutting-down or restarting NOW!		say ALERT: Server restaring shortly for an update!		Unusable. Does not have Linux-native server.
neo	source	anonymous	313600	244630			NeotokyoSource		NeoTokyo (NEO)	say ALERT: Server shutting-down or restarting NOW!		say ALERT: Server restaring shortly for an update!		Unusable. Does not have Linux-native server.
syn	source	anonymous	17525	17520			synergy		Synergy (SYN)	say ALERT: Server shutting-down or restarting NOW!		say ALERT: Server restaring shortly for an update!		Unusable. Does not have Linux-native server.
